motor,baslik,ozet,link
Bing,Yapay Zeka Trendleri 2026: Geleceği Değiştirecek 10 Teknoloji,"24 Nis 2026 · 2026 yapay zeka trendlerini keşfedin! Çok modalı AI, otonom ajanlar, Edge AI ve quantum sistemler hakkında kapsamlı rehber. Geleceğe hazır olun!",https://www.bing.com/ck/a?!&&p=2677e9e337da5e5c6f4a9593a63168f4e5f1e731d7d54c99e8099e9e7a34bf5bJmltdHM9MTc4MTkxMzYwMA&ptn=3&ver=2&hsh=4&fclid=09b66453-814a-6f38-25e1-732d80de6eae&u=a1aHR0cHM6Ly93d3cuaG9mYWkuaW8vYmxvZy95YXBheS16ZWthLXRyZW5kbGVyaS0yMDI2LWdlbGVjZWstdGVrbm9sb2ppbGVyLW1vY21xb3g3&ntb=1
Bing,Forbes 2026 yapay zeka trendlerini açıkladı: …,,/images/search?view=detailV2&ccid=+HislJge&id=D6AE17F3C1DAF0C627929630DF4C70B893715523&thid=OIP.-HislJge07AQ505Jr9hGgwHaEK&mediaurl=https://img.chip.com.tr/rcman/Cw1280h720q95gm/storage/files/images/2026/02/09/forbes-2026-yapay-zeka-trendlerini-acikladi-turkiyeden-tek-ornek-var-gt4q.jpg&q=yapay+zeka+trendleri+2026&ck=704CFDBECFC6857D703DD66EA93CE22C&idpp=rc&expw=1280&exph=720&form=rc2idp
Bing,Karar Vericiler İçin 2026 Yapay Zeka Trendleri,,/images/search?view=detailV2&ccid=ZpIlGb3K&id=FAF5B1E58BC8F75BB90828F8035D9EB88978FA1D&thid=OIP.ZpIlGb3Kxco8uWdhcyYr-gHaEK&mediaurl=https://turkiye.ai/wp-content/uploads/2026/01/2026-Yapay-Zeka-Trendleri-Raporu.jpg&q=yapay+zeka+trendleri+2026&ck=74E1A34789D07144EF746487334B15B5&idpp=rc&expw=1920&exph=1080&form=rc2idp
Bing,2026 yılında yapay zeka: Teknoloji ve inovasyonu yönlendiren 10 …,"31 Ara 2025 · 2026'da üretken AI'dan AI ajanlarına kadar en iyi 10 AI trendini keşfedin. AI'nin önümüzdeki yıl teknoloji, iş dünyası, sağlık ve günlük hayatı nasıl şekillendireceğini öğrenin.",https://www.bing.com/ck/a?!&&p=9dc4c540989cab4f6e32f613c6ac182564566608bb1a2643fac5ed3588e735b9JmltdHM9MTc4MTkxMzYwMA&ptn=3&ver=2&hsh=4&fclid=09b66453-814a-6f38-25e1-732d80de6eae&u=a1aHR0cHM6Ly93d3cucGlwcGl0LmFpL3RyLXRyL3Jlc291cmNlL2FpLTIwMjY&ntb=1
Bing,,,https://www.bing.com/ck/a?!&&p=f303482935dda87473319f104706ac98d18b128660bd4eaf11fb9c3eb2ad1570JmltdHM9MTc4MTkxMzYwMA&ptn=3&ver=2&hsh=4&fclid=09b66453-814a-6f38-25e1-732d80de6eae&u=a1aHR0cHM6Ly9hc2t3ZWIuY29tLnRyLzIwMjZkYS15YXBheS16ZWtheWktc2VraWxsZW5kaXJlY2VrLXRyZW5kbGVyLw&ntb=1
Bing,,,https://www.bing.com/ck/a?!&&p=da234b0ada9c409260e146a84d7d1322a18decb41b5839740559a280cfff19a1JmltdHM9MTc4MTkxMzYwMA&ptn=3&ver=2&hsh=4&fclid=09b66453-814a-6f38-25e1-732d80de6eae&u=a1aHR0cHM6Ly90ci5saW5rZWRpbi5jb20vcHVsc2UvMjAyNmRhLXlhcGF5LXpla2EtZCVDMyVCQ255YXMlQzQlQjFuJUM0JUIxLSVDNSU5RmVraWxsZW5kaXJlY2VrLWVuLSVDMyVCNm5lbWxpLWV2cmVuLXRvbWJ1bC14dXBzZg&ntb=1
Bing,,,https://www.bing.com/ck/a?!&&p=d1838f69b3b8e4ba852e283dc7e7f389def1bd5cb9328934308c05535e239528JmltdHM9MTc4MTkxMzYwMA&ptn=3&ver=2&hsh=4&fclid=09b66453-814a-6f38-25e1-732d80de6eae&u=a1aHR0cHM6Ly9zY2FycG1lZGlhLmNvbS9ibG9nL3lhcGF5LXpla2EtMjAyNi10cmVuZGxlcmk&ntb=1
Bing,,,https://www.bing.com/ck/a?!&&p=3cca8644e211281ce0e3d11523d2293440d9aa47b8746d7b182299027d8b1ec9JmltdHM9MTc4MTkxMzYwMA&ptn=3&ver=2&hsh=4&fclid=09b66453-814a-6f38-25e1-732d80de6eae&u=a1aHR0cHM6Ly93d3cuZC10ZWtub2xvamkuY29tLnRyL3RyL2Jsb2cveWFwYXktemVrYS10cmVuZGxlcmktMjAyNi1waHlzaWNhbC1haS1hZ2VudGljLWFpLWFpLW5hdGl2ZS1kZXZlbG9wbWVudA&ntb=1
Bing,2026 yapay zeka trendleri - Para Dergi,,/images/search?view=detailV2&ccid=JjHiVrdQ&id=C4968B9CDBBB38F3B46EC959A74CE2EFF8BAA2CE&thid=OIP.JjHiVrdQsd_IcfaV9OfEwgHaEc&mediaurl=https://ia.tmgrup.com.tr/3e8f49/666/400/0/0/1600/961?u=https://i.tmgrup.com.tr/prdrg/2026/02/17/2026-yapay-zeka-trendleri-1771320015021.jpg&q=yapay+zeka+trendleri+2026&ck=5CA6339863B4E9834654987C8D67B01C&idpp=rc&expw=666&exph=400&form=rc2idp
Bing,2026 İK trendleri: Yapay zekânın yılı olacak - Hürriyet,,/images/search?view=detailV2&ccid=U9VqEVQq&id=6FC89AB876FDB73FEF475E2ED495A36875A89F47&thid=OIP.U9VqEVQq76BDpZhjY7lnPgHaEK&mediaurl=https://image.hurimg.com/i/hurriyet/90/0x0/69598f3ef94e6d32a47f6834.jpg&q=yapay+zeka+trendleri+2026&ck=F77CE6A2947F9D5E3BAB324163D6B156&idpp=rc&expw=750&exph=422&form=rc2idp
Yahoo,Yapay Zeka Trendleri 2026: Geleceği Değiştirecek 10 Teknoloji,"Apr 24, 2026 · 2026 yapay zeka trendlerini keşfedin! Çok modalı AI, otonom ajanlar, Edge AI ve quantum sistemler hakkında kapsamlı rehber. Geleceğe hazır olun!",https://www.hofai.io/blog/yapay-zeka-trendleri-2026-gelecek-teknolojiler-mocmqox7
Yahoo,Yapay Zeka Kullanımı – 2026'Da En Yeni Trendler ve İpuçları,"Özetle, 2026 yapay zeka için bir dönüm noktası olacak. İş dünyasında otomasyonun ve inovasyonun hızlanması, otonom yapay zeka ajanlarının yaygınlaşması ve bilimsel araştırmalardaki etkin rolü, geleceğin teknoloji trendlerini şekillendirecek temel dinamikler olarak öne çıkacak.",https://airehber.net/blog/ai-gelecek-trendleri/2026da-yapay-zeka-trendleri-gelecegin-teknolojisine-yolculuk
Yahoo,Karar Vericiler İçin 2026 Yapay Zeka Trendleri | Türkiye ...,"Jan 6, 2026 · Karar Vericiler İçin 2026 Yapay Zeka Trendleri Raporu: Kurumlar için yapay zekada ROI, güvenlik, yönetişim ve stratejik önceliklere odaklanan kapsamlı rehber.",https://turkiye.ai/yapay-zeka-trendleri-2026/
Yahoo,Yapay Zeka Kullanımı – 2026 İçin Öne Çıkan Trendler ve İpuçları,"Feb 7, 2026 · Bu makalede, yapay zeka alanındaki gelecek trendler ve 2026 yılında beklenen önemli gelişmeler detaylı şekilde ele alınacaktır.",https://airehber.net/blog/ai-gelecek-trendleri/2026-yilinda-yapay-zekanin-gelecegi-ve-one-cikan-trendler
Yahoo,Yapay Zeka Trendleri 2026: Geleceği Şekillendiren Yenilikler,"Mar 31, 2026 · Bu blog yazımızda, 2026 yılında öne çıkacak ve geleceği şekillendirecek başlıca yapay zeka trendlerini derinlemesine inceleyeceğiz. Hazır olun, yapay zekanın bizi taşıyacağı yeni ufukları keşfedelim!",https://www.futia.net/yapay-zeka-trendleri-202/
Yahoo,Yapay Zeka 2026 Trendleri | AI Sektör Analizi | Scarp Media Blog,"Apr 27, 2026 · 2026'da yapay zeka dünyasını dönüştüren 10 kritik trend: AI ajanları, multimodal modeller, açık kaynak LLM'ler ve daha fazlası. Detaylı analiz.",https://scarpmedia.com/blog/yapay-zeka-2026-trendleri
Yahoo,2026 Yapay Zeka Trendleri: Geleceğin Teknoloji Yenilikleri ve ...,"2026 yılında yapay zeka, iş dünyasından bilimsel araştırmalara kadar geniş bir yelpazede devrim yaratacak. Bu yazıda, 2026 yapay zeka trendlerini ve teknoloji yeniliklerini detaylı şekilde inceliyoruz.",https://yapaybuzeka.net/blog/yapay-zeka-haberleri/2026-yapay-zeka-trendleri-gelecegin-teknoloji-yenilikleri-ve-is-dunyasindaki-do
