tarih,platform,metin,etkilesim,url
Bilinmiyor,TikTok,TCL'in yeni TV'leri Türkiye'de! @tclelectronicsturkiye #SQDMiniLED #T...,530,https://www.tiktok.com/@webtekno/video/7652092243079105813
Bilinmiyor,TikTok,Siz otopilota güvenir miydiniz?,200,https://www.tiktok.com/@webtekno/video/7651961036853103893
Bilinmiyor,TikTok,TRT neden Dünya Kupası’nı 4K yayımlamıyor? İşte bilmeniz gerekenler!🚨...,715,https://www.tiktok.com/@webtekno/video/7651576305145761044
Bilinmiyor,TikTok,Google yapay zeka destekli sağlık asistanı geliştirdi!,23,https://www.tiktok.com/@webtekno/video/7650160895657938196
Bilinmiyor,TikTok,Siz bu sistem hakkında ne düşünüyorsunuz?,97,https://www.tiktok.com/@webtekno/video/7650160490743614740
Bilinmiyor,TikTok,Oscar Ödülleri'nde yapay zeka yasaklandı. Siz bu karar hakkında ne ...,42,https://www.tiktok.com/@webtekno/video/7649774131939904788
Bilinmiyor,TikTok,iOS 27 Tanıtıldı: Yeni Siri neler sunacak? Yenilikleri özetledik! #io...,6499,https://www.tiktok.com/@webtekno/video/7649388660994919698
Bilinmiyor,TikTok,Sizce bu ürün başarı elde edecek mi?,515,https://www.tiktok.com/@webtekno/video/7648959371858218247
Bilinmiyor,TikTok,Apple’ın yeni CEO’su John Ternus ne kadar maaş alacak? ,546,https://www.tiktok.com/@webtekno/video/7647977851626573074
Bilinmiyor,TikTok,Elon Musk'ı el birliğiyle trilyoner yapıyoruz! SpaceX bu ay halka arz...,3397,https://www.tiktok.com/@webtekno/video/7647154890141224199
